deepSRAMP[full],Precision,Recall,F1,Specificity,Accuracy,MCC,AUPRC,AUROC
genomeonly,0.23748686284813453,0.9842112426840888,0.3826432067733827,0.6933106126654514,0.7190453828462715,0.3992598322915347,0.5147435989972469,0.9180884164814406
seqonly,0.38141891891891894,0.7683408193820607,0.509775590373414,0.8790652822910887,0.8692699490662139,0.48040385194923285,0.5266794010321393,0.9171852913110041
full,0.3762908777969019,0.9522253981216823,0.5394194070704345,0.8468204274655887,0.8561451673108647,0.5443550848704495,0.6784120601014759,0.9574746625386121
