deepSRAMP[mature],Precision,Recall,F1,Specificity,Accuracy,MCC,AUPRC,AUROC
genomeonly,0.2686329918756623,0.925886470856795,0.4164413566514939,0.7524546799575569,0.7679630940068586,0.4191973558158932,0.4972675434038125,0.9103656309673998
seqonly,0.20584914182475159,0.8322934104398113,0.3300642747216271,0.6846801070046179,0.6978798105710087,0.30704311312038246,0.3655702741837227,0.8381672885633255
full,0.3563969430021586,0.929691066808705,0.5152665317139001,0.8351291976148133,0.8435849980948233,0.5160506264460201,0.6395273162127999,0.9471237694691029
